{
  "loss": [
    0.20376335084438324,
    0.108650803565979,
    0.08255524933338165,
    0.0706554427742958,
    0.0709533840417862,
    0.0615461990237236,
    0.05677470937371254,
    0.04597526788711548,
    0.048710424453020096,
    0.055422376841306686,
    0.04166518896818161,
    0.04875105246901512,
    0.043473981320858,
    0.04599548131227493,
    0.0420137383043766,
    0.04947398602962494,
    0.03441159054636955,
    0.050758615136146545,
    0.03628499060869217,
    0.03324616700410843,
    0.043095387518405914,
    0.034150928258895874,
    0.033130209892988205,
    0.03779858723282814,
    0.03782469034194946,
    0.0299126785248518,
    0.04026338830590248,
    0.029614074155688286,
    0.03824251517653465,
    0.037098608911037445,
    0.03339887410402298,
    0.03189881518483162,
    0.03043324500322342,
    0.028219763189554214,
    0.02918745018541813,
    0.03308425471186638,
    0.03076896071434021,
    0.02376996912062168,
    0.02135913074016571,
    0.02054806798696518,
    0.01991339586675167,
    0.018673351034522057,
    0.019030144438147545,
    0.021315356716513634,
    0.016537921503186226,
    0.016871759667992592,
    0.014836694113910198,
    0.01665405184030533,
    0.018293948844075203,
    0.016184890642762184,
    0.019119203090667725,
    0.01602449081838131,
    0.01525306049734354,
    0.013837908394634724,
    0.015466734766960144,
    0.014368207193911076,
    0.01317326445132494,
    0.014862855896353722,
    0.01621842011809349,
    0.013365501537919044,
    0.013929056003689766,
    0.011890449561178684,
    0.014046620577573776,
    0.016049718484282494,
    0.01406057272106409,
    0.013020652346313,
    0.013160932809114456,
    0.015473546460270882,
    0.01134852971881628
  ],
  "accuracy": [
    0.9165253639221191,
    0.9583569169044495,
    0.9702280163764954,
    0.9753156304359436,
    0.9756925106048584,
    0.9773883819580078,
    0.9817222356796265,
    0.9837949872016907,
    0.9851139783859253,
    0.979649543762207,
    0.9851139783859253,
    0.9843602776527405,
    0.9843602776527405,
    0.9815338253974915,
    0.9858677387237549,
    0.982475996017456,
    0.9892594814300537,
    0.9822875261306763,
    0.9888826012611389,
    0.9902015924453735,
    0.9837949872016907,
    0.9877520203590393,
    0.9879404306411743,
    0.9885057210922241,
    0.9881289005279541,
    0.9900131821632385,
    0.9858677387237549,
    0.9905784726142883,
    0.9868098497390747,
    0.9881289005279541,
    0.9877520203590393,
    0.9898247718811035,
    0.9892594814300537,
    0.9890710115432739,
    0.9900131821632385,
    0.9877520203590393,
    0.9903900623321533,
    0.9905784726142883,
    0.9937818050384521,
    0.9937818050384521,
    0.9941586852073669,
    0.9935933947563171,
    0.9949123859405518,
    0.9922743439674377,
    0.9939702153205872,
    0.9952892661094666,
    0.9951007962226868,
    0.9935933947563171,
    0.9941586852073669,
    0.9939702153205872,
    0.9934049248695374,
    0.9956660866737366,
    0.994347095489502,
    0.9958545565605164,
    0.9958545565605164,
    0.9954776763916016,
    0.9954776763916016,
    0.9952892661094666,
    0.9958545565605164,
    0.9960429668426514,
    0.9952892661094666,
    0.9962313771247864,
    0.9964198470115662,
    0.9949123859405518,
    0.9952892661094666,
    0.9951007962226868,
    0.9952892661094666,
    0.9956660866737366,
    0.9966082572937012
  ],
  "val_loss": [
    0.09783796221017838,
    0.11008823662996292,
    0.05160811170935631,
    0.07277894765138626,
    0.07461214065551758,
    0.04252249747514725,
    0.05447327345609665,
    0.05303032696247101,
    0.05222085863351822,
    0.03406168520450592,
    0.05565987899899483,
    0.06753413379192352,
    0.037816617637872696,
    0.03858012333512306,
    0.032643597573041916,
    0.025379624217748642,
    0.059918180108070374,
    0.03153987228870392,
    0.028944890946149826,
    0.03961024805903435,
    0.03321458771824837,
    0.026029285043478012,
    0.020497791469097137,
    0.03222188353538513,
    0.03263673558831215,
    0.025593088939785957,
    0.03611012548208237,
    0.023776277899742126,
    0.023283768445253372,
    0.019951051101088524,
    0.023162733763456345,
    0.035331543534994125,
    0.027506565675139427,
    0.028120093047618866,
    0.02288479544222355,
    0.025364086031913757,
    0.028303103521466255,
    0.020142812281847,
    0.023407839238643646,
    0.022337179630994797,
    0.02857336215674877,
    0.022127894684672356,
    0.032975248992443085,
    0.026639871299266815,
    0.01861274614930153,
    0.014186952263116837,
    0.019323011860251427,
    0.020915091037750244,
    0.023168271407485008,
    0.01980418711900711,
    0.01898806355893612,
    0.01756127178668976,
    0.025209147483110428,
    0.011960785835981369,
    0.018111154437065125,
    0.016660604625940323,
    0.016884364187717438,
    0.014612723141908646,
    0.016462286934256554,
    0.013701260089874268,
    0.018703311681747437,
    0.026043958961963654,
    0.01873503066599369,
    0.02413320541381836,
    0.0198564101010561,
    0.021678263321518898,
    0.02030935510993004,
    0.015332072041928768,
    0.022184928879141808
  ],
  "val_accuracy": [
    0.9660633206367493,
    0.9487179517745972,
    0.9826545715332031,
    0.9743589758872986,
    0.9758672714233398,
    0.9871794581413269,
    0.9819004535675049,
    0.9871794581413269,
    0.9849170446395874,
    0.9917043447494507,
    0.9841628670692444,
    0.9736047983169556,
    0.9871794581413269,
    0.9849170446395874,
    0.9917043447494507,
    0.9924585223197937,
    0.9826545715332031,
    0.9886877536773682,
    0.9917043447494507,
    0.9894419312477112,
    0.9886877536773682,
    0.9901960492134094,
    0.9924585223197937,
    0.9886877536773682,
    0.9856711626052856,
    0.9917043447494507,
    0.9871794581413269,
    0.993966817855835,
    0.9917043447494507,
    0.993966817855835,
    0.993966817855835,
    0.9871794581413269,
    0.9909502267837524,
    0.9879336357116699,
    0.9901960492134094,
    0.9894419312477112,
    0.9879336357116699,
    0.9947209358215332,
    0.9932126402854919,
    0.993966817855835,
    0.9886877536773682,
    0.9924585223197937,
    0.9894419312477112,
    0.9924585223197937,
    0.9954751133918762,
    0.9947209358215332,
    0.9932126402854919,
    0.9947209358215332,
    0.9909502267837524,
    0.9932126402854919,
    0.993966817855835,
    0.9932126402854919,
    0.9894419312477112,
    0.9969834089279175,
    0.9932126402854919,
    0.9947209358215332,
    0.9924585223197937,
    0.9954751133918762,
    0.9932126402854919,
    0.9954751133918762,
    0.993966817855835,
    0.9924585223197937,
    0.9932126402854919,
    0.9917043447494507,
    0.9932126402854919,
    0.993966817855835,
    0.9917043447494507,
    0.9954751133918762,
    0.9924585223197937
  ],